<?xml version="1.0"?>
<!DOCTYPE BlastOutput PUBLIC "-//NCBI//NCBI BlastOutput/EN" "http://www.ncbi.nlm.nih.gov/dtd/NCBI_BlastOutput.dtd">
<BlastOutput>
  <BlastOutput_program>blastn</BlastOutput_program>
  <BlastOutput_version>BLASTN 2.15.0+</BlastOutput_version>
  <BlastOutput_reference>Zheng Zhang, Scott Schwartz, Lukas Wagner, and Webb Miller (2000), &quot;A greedy algorithm for aligning DNA sequences&quot;, J Comput Biol 2000; 7(1-2):203-14.</BlastOutput_reference>
  <BlastOutput_db>C:\Faculdade\BioInformatica\bio\fasta_files\db_folder</BlastOutput_db>
  <BlastOutput_query-ID>Query_1</BlastOutput_query-ID>
  <BlastOutput_query-def>MN908947.3 Severe acute respiratory syndrome coronavirus 2 isolate Wuhan-Hu-1, complete genome</BlastOutput_query-def>
  <BlastOutput_query-len>29903</BlastOutput_query-len>
  <BlastOutput_param>
    <Parameters>
      <Parameters_expect>10</Parameters_expect>
      <Parameters_sc-match>1</Parameters_sc-match>
      <Parameters_sc-mismatch>-2</Parameters_sc-mismatch>
      <Parameters_gap-open>0</Parameters_gap-open>
      <Parameters_gap-extend>0</Parameters_gap-extend>
      <Parameters_filter>L;m;</Parameters_filter>
    </Parameters>
  </BlastOutput_param>
<BlastOutput_iterations>
<Iteration>
  <Iteration_iter-num>1</Iteration_iter-num>
  <Iteration_query-ID>Query_1</Iteration_query-ID>
  <Iteration_query-def>MN908947.3 Severe acute respiratory syndrome coronavirus 2 isolate Wuhan-Hu-1, complete genome</Iteration_query-def>
  <Iteration_query-len>29903</Iteration_query-len>
<Iteration_hits>
<Hit>
  <Hit_num>1</Hit_num>
  <Hit_id>gnl|BL_ORD_ID|0</Hit_id>
  <Hit_def>CM000663.2 Homo sapiens chromosome 1, GRCh38 reference primary assembly</Hit_def>
  <Hit_accession>0</Hit_accession>
  <Hit_len>99998</Hit_len>
  <Hit_hsps>
    <Hsp>
      <Hsp_num>1</Hsp_num>
      <Hsp_bit-score>34.36</Hsp_bit-score>
      <Hsp_score>18</Hsp_score>
      <Hsp_evalue>0.135489</Hsp_evalue>
      <Hsp_query-from>29390</Hsp_query-from>
      <Hsp_query-to>29410</Hsp_query-to>
      <Hsp_hit-from>39031</Hsp_hit-from>
      <Hsp_hit-to>39051</Hsp_hit-to>
      <Hsp_query-frame>1</Hsp_query-frame>
      <Hsp_hit-frame>1</Hsp_hit-frame>
      <Hsp_identity>20</Hsp_identity>
      <Hsp_positive>20</Hsp_positive>
      <Hsp_gaps>0</Hsp_gaps>
      <Hsp_align-len>21</Hsp_align-len>
      <Hsp_qseq>AAGAAGAAGGCTGATGAAACT</Hsp_qseq>
      <Hsp_hseq>AAGAAGAAGGCTGATAAAACT</Hsp_hseq>
      <Hsp_midline>||||||||||||||| |||||</Hsp_midline>
    </Hsp>
    <Hsp>
      <Hsp_num>2</Hsp_num>
      <Hsp_bit-score>32.5133</Hsp_bit-score>
      <Hsp_score>17</Hsp_score>
      <Hsp_evalue>0.487305</Hsp_evalue>
      <Hsp_query-from>7192</Hsp_query-from>
      <Hsp_query-to>7220</Hsp_query-to>
      <Hsp_hit-from>44569</Hsp_hit-from>
      <Hsp_hit-to>44540</Hsp_hit-to>
      <Hsp_query-frame>1</Hsp_query-frame>
      <Hsp_hit-frame>-1</Hsp_hit-frame>
      <Hsp_identity>26</Hsp_identity>
      <Hsp_positive>26</Hsp_positive>
      <Hsp_gaps>1</Hsp_gaps>
      <Hsp_align-len>30</Hsp_align-len>
      <Hsp_qseq>TACCATTTCATCTTTTAAATGGG-ATTTAA</Hsp_qseq>
      <Hsp_hseq>TACCATTTCATGTTTTAAATTTGTATTTAA</Hsp_hseq>
      <Hsp_midline>||||||||||| ||||||||  | ||||||</Hsp_midline>
    </Hsp>
    <Hsp>
      <Hsp_num>3</Hsp_num>
      <Hsp_bit-score>30.6667</Hsp_bit-score>
      <Hsp_score>16</Hsp_score>
      <Hsp_evalue>1.75266</Hsp_evalue>
      <Hsp_query-from>13695</Hsp_query-from>
      <Hsp_query-to>13713</Hsp_query-to>
      <Hsp_hit-from>53755</Hsp_hit-from>
      <Hsp_hit-to>53737</Hsp_hit-to>
      <Hsp_query-frame>1</Hsp_query-frame>
      <Hsp_hit-frame>-1</Hsp_hit-frame>
      <Hsp_identity>18</Hsp_identity>
      <Hsp_positive>18</Hsp_positive>
      <Hsp_gaps>0</Hsp_gaps>
      <Hsp_align-len>19</Hsp_align-len>
      <Hsp_qseq>AATTTATAATTTACTTAAG</Hsp_qseq>
      <Hsp_hseq>AATTTATAATTTACCTAAG</Hsp_hseq>
      <Hsp_midline>|||||||||||||| ||||</Hsp_midline>
    </Hsp>
    <Hsp>
      <Hsp_num>4</Hsp_num>
      <Hsp_bit-score>30.6667</Hsp_bit-score>
      <Hsp_score>16</Hsp_score>
      <Hsp_evalue>1.75266</Hsp_evalue>
      <Hsp_query-from>11162</Hsp_query-from>
      <Hsp_query-to>11186</Hsp_query-to>
      <Hsp_hit-from>63409</Hsp_hit-from>
      <Hsp_hit-to>63434</Hsp_hit-to>
      <Hsp_query-frame>1</Hsp_query-frame>
      <Hsp_hit-frame>1</Hsp_hit-frame>
      <Hsp_identity>23</Hsp_identity>
      <Hsp_positive>23</Hsp_positive>
      <Hsp_gaps>1</Hsp_gaps>
      <Hsp_align-len>26</Hsp_align-len>
      <Hsp_qseq>CATGC-ATTTCTCTGTTTGTTTTTGT</Hsp_qseq>
      <Hsp_hseq>CATGCTATGTCTCAGTTTGTTTTTGT</Hsp_hseq>
      <Hsp_midline>||||| || |||| ||||||||||||</Hsp_midline>
    </Hsp>
    <Hsp>
      <Hsp_num>5</Hsp_num>
      <Hsp_bit-score>30.6667</Hsp_bit-score>
      <Hsp_score>16</Hsp_score>
      <Hsp_evalue>1.75266</Hsp_evalue>
      <Hsp_query-from>22273</Hsp_query-from>
      <Hsp_query-to>22288</Hsp_query-to>
      <Hsp_hit-from>70981</Hsp_hit-from>
      <Hsp_hit-to>70996</Hsp_hit-to>
      <Hsp_query-frame>1</Hsp_query-frame>
      <Hsp_hit-frame>1</Hsp_hit-frame>
      <Hsp_identity>16</Hsp_identity>
      <Hsp_positive>16</Hsp_positive>
      <Hsp_gaps>0</Hsp_gaps>
      <Hsp_align-len>16</Hsp_align-len>
      <Hsp_qseq>GTTTCAAACTTTACTT</Hsp_qseq>
      <Hsp_hseq>GTTTCAAACTTTACTT</Hsp_hseq>
      <Hsp_midline>||||||||||||||||</Hsp_midline>
    </Hsp>
    <Hsp>
      <Hsp_num>6</Hsp_num>
      <Hsp_bit-score>30.6667</Hsp_bit-score>
      <Hsp_score>16</Hsp_score>
      <Hsp_evalue>1.75266</Hsp_evalue>
      <Hsp_query-from>23916</Hsp_query-from>
      <Hsp_query-to>23931</Hsp_query-to>
      <Hsp_hit-from>74719</Hsp_hit-from>
      <Hsp_hit-to>74704</Hsp_hit-to>
      <Hsp_query-frame>1</Hsp_query-frame>
      <Hsp_hit-frame>-1</Hsp_hit-frame>
      <Hsp_identity>16</Hsp_identity>
      <Hsp_positive>16</Hsp_positive>
      <Hsp_gaps>0</Hsp_gaps>
      <Hsp_align-len>16</Hsp_align-len>
      <Hsp_qseq>TCAAACAAATTTACAA</Hsp_qseq>
      <Hsp_hseq>TCAAACAAATTTACAA</Hsp_hseq>
      <Hsp_midline>||||||||||||||||</Hsp_midline>
    </Hsp>
    <Hsp>
      <Hsp_num>7</Hsp_num>
      <Hsp_bit-score>28.82</Hsp_bit-score>
      <Hsp_score>15</Hsp_score>
      <Hsp_evalue>6.30369</Hsp_evalue>
      <Hsp_query-from>14004</Hsp_query-from>
      <Hsp_query-to>14018</Hsp_query-to>
      <Hsp_hit-from>11591</Hsp_hit-from>
      <Hsp_hit-to>11577</Hsp_hit-to>
      <Hsp_query-frame>1</Hsp_query-frame>
      <Hsp_hit-frame>-1</Hsp_hit-frame>
      <Hsp_identity>15</Hsp_identity>
      <Hsp_positive>15</Hsp_positive>
      <Hsp_gaps>0</Hsp_gaps>
      <Hsp_align-len>15</Hsp_align-len>
      <Hsp_qseq>AACAGTACAATTCTG</Hsp_qseq>
      <Hsp_hseq>AACAGTACAATTCTG</Hsp_hseq>
      <Hsp_midline>|||||||||||||||</Hsp_midline>
    </Hsp>
    <Hsp>
      <Hsp_num>8</Hsp_num>
      <Hsp_bit-score>28.82</Hsp_bit-score>
      <Hsp_score>15</Hsp_score>
      <Hsp_evalue>6.30369</Hsp_evalue>
      <Hsp_query-from>26489</Hsp_query-from>
      <Hsp_query-to>26506</Hsp_query-to>
      <Hsp_hit-from>42505</Hsp_hit-from>
      <Hsp_hit-to>42488</Hsp_hit-to>
      <Hsp_query-frame>1</Hsp_query-frame>
      <Hsp_hit-frame>-1</Hsp_hit-frame>
      <Hsp_identity>17</Hsp_identity>
      <Hsp_positive>17</Hsp_positive>
      <Hsp_gaps>0</Hsp_gaps>
      <Hsp_align-len>18</Hsp_align-len>
      <Hsp_qseq>ATTAGTTTTTCTGTTTGG</Hsp_qseq>
      <Hsp_hseq>ATTAGTTTTTCTGTGTGG</Hsp_hseq>
      <Hsp_midline>|||||||||||||| |||</Hsp_midline>
    </Hsp>
    <Hsp>
      <Hsp_num>9</Hsp_num>
      <Hsp_bit-score>28.82</Hsp_bit-score>
      <Hsp_score>15</Hsp_score>
      <Hsp_evalue>6.30369</Hsp_evalue>
      <Hsp_query-from>13687</Hsp_query-from>
      <Hsp_query-to>13707</Hsp_query-to>
      <Hsp_hit-from>64311</Hsp_hit-from>
      <Hsp_hit-to>64331</Hsp_hit-to>
      <Hsp_query-frame>1</Hsp_query-frame>
      <Hsp_hit-frame>1</Hsp_hit-frame>
      <Hsp_identity>19</Hsp_identity>
      <Hsp_positive>19</Hsp_positive>
      <Hsp_gaps>0</Hsp_gaps>
      <Hsp_align-len>21</Hsp_align-len>
      <Hsp_qseq>GAAGAAACAATTTATAATTTA</Hsp_qseq>
      <Hsp_hseq>GAAGAAACAATTTTTATTTTA</Hsp_hseq>
      <Hsp_midline>||||||||||||| || ||||</Hsp_midline>
    </Hsp>
    <Hsp>
      <Hsp_num>10</Hsp_num>
      <Hsp_bit-score>28.82</Hsp_bit-score>
      <Hsp_score>15</Hsp_score>
      <Hsp_evalue>6.30369</Hsp_evalue>
      <Hsp_query-from>8199</Hsp_query-from>
      <Hsp_query-to>8213</Hsp_query-to>
      <Hsp_hit-from>70832</Hsp_hit-from>
      <Hsp_hit-to>70818</Hsp_hit-to>
      <Hsp_query-frame>1</Hsp_query-frame>
      <Hsp_hit-frame>-1</Hsp_hit-frame>
      <Hsp_identity>15</Hsp_identity>
      <Hsp_positive>15</Hsp_positive>
      <Hsp_gaps>0</Hsp_gaps>
      <Hsp_align-len>15</Hsp_align-len>
      <Hsp_qseq>ATGTAGAAACTAAAG</Hsp_qseq>
      <Hsp_hseq>ATGTAGAAACTAAAG</Hsp_hseq>
      <Hsp_midline>|||||||||||||||</Hsp_midline>
    </Hsp>
    <Hsp>
      <Hsp_num>11</Hsp_num>
      <Hsp_bit-score>28.82</Hsp_bit-score>
      <Hsp_score>15</Hsp_score>
      <Hsp_evalue>6.30369</Hsp_evalue>
      <Hsp_query-from>10404</Hsp_query-from>
      <Hsp_query-to>10421</Hsp_query-to>
      <Hsp_hit-from>80724</Hsp_hit-from>
      <Hsp_hit-to>80742</Hsp_hit-to>
      <Hsp_query-frame>1</Hsp_query-frame>
      <Hsp_hit-frame>1</Hsp_hit-frame>
      <Hsp_identity>18</Hsp_identity>
      <Hsp_positive>18</Hsp_positive>
      <Hsp_gaps>1</Hsp_gaps>
      <Hsp_align-len>19</Hsp_align-len>
      <Hsp_qseq>GTTACAATGGTTCA-CCAT</Hsp_qseq>
      <Hsp_hseq>GTTACAATGGTTCAACCAT</Hsp_hseq>
      <Hsp_midline>|||||||||||||| ||||</Hsp_midline>
    </Hsp>
  </Hit_hsps>
</Hit>
</Iteration_hits>
  <Iteration_stat>
    <Statistics>
      <Statistics_db-num>1</Statistics_db-num>
      <Statistics_db-len>99998</Statistics_db-len>
      <Statistics_hsp-len>22</Statistics_hsp-len>
      <Statistics_eff-space>2987382856</Statistics_eff-space>
      <Statistics_kappa>0.46</Statistics_kappa>
      <Statistics_lambda>1.28</Statistics_lambda>
      <Statistics_entropy>0.85</Statistics_entropy>
    </Statistics>
  </Iteration_stat>
</Iteration>
</BlastOutput_iterations>
</BlastOutput>

